,,
BrainMet_SeuratV5,GSE131907,NS_02
BrainMet_SeuratV5,GSE131907,NS_03
BrainMet_SeuratV5,GSE131907,NS_04
BrainMet_SeuratV5,GSE131907,NS_06
BrainMet_SeuratV5,GSE131907,NS_07
BrainMet_SeuratV5,GSE131907,NS_12
BrainMet_SeuratV5,GSE131907,NS_13
BrainMet_SeuratV5,GSE131907,NS_16
BrainMet_SeuratV5,GSE131907,NS_17
BrainMet_SeuratV5,GSE131907,NS_19
BrainMet_SeuratV5,GSE143423,lbm
BrainMet_SeuratV5,GSE143423,tnbc
BrainMet_SeuratV5,GSE186344,GSM5645888
BrainMet_SeuratV5,GSE186344,GSM5645889
BrainMet_SeuratV5,GSE186344,GSM5645890
BrainMet_SeuratV5,GSE186344,GSM5645891
BrainMet_SeuratV5,GSE186344,GSM5645892
BrainMet_SeuratV5,GSE186344,GSM5645893
BrainMet_SeuratV5,GSE186344,GSM5645894
BrainMet_SeuratV5,GSE186344,GSM5645895
BrainMet_SeuratV5,GSE186344,GSM5645896
BrainMet_SeuratV5,GSE186344,GSM5645897
BrainMet_SeuratV5,GSE186344,GSM5645898
BrainMet_SeuratV5,GSE186344,GSM5645900
BrainMet_SeuratV5,GSE186344,GSM5645902
BrainMet_SeuratV5,GSE186344,GSM5645904
BrainMet_SeuratV5,GSE186344,GSM5645906
BrainMet_SeuratV5,GSE186344,GSM5645908
BrainMet_SeuratV5,GSE193745,GSE193745
BrainMet_SeuratV5,GSE200218,GSM6022251
BrainMet_SeuratV5,GSE200218,GSM6022252_CD45neg
BrainMet_SeuratV5,GSE200218,GSM6022252_CD45_pos
BrainMet_SeuratV5,GSE200218,GSM6022253_CD45neg
BrainMet_SeuratV5,GSE200218,GSM6022253_CD45pos
BrainMet_SeuratV5,GSE200218,GSM6022254_CD45neg
BrainMet_SeuratV5,GSE200218,GSM6022254_CD45pos
BrainMet_SeuratV5,GSE200218,GSM6022255_CD45neg
BrainMet_SeuratV5,GSE200218,GSM6022255_CD45pos
BrainMet_SeuratV5,GSE234832,GSM7475324
BrainMet_SeuratV5,GSE234832,GSM7475325
BrainMet_SeuratV5,GSE234832,GSM7475326
BrainMet_SeuratV5,GSE234832,GSM7475327
BrainMet_SeuratV5,GSE234832,GSM7475328
BrainMet_SeuratV5,GSE174401,GSE174401
BrainMet_SeuratV5,GSE140393,GSM4160577
BrainMet_SeuratV5,GSE140393,GSM4160578
BrainMet_SeuratV5,GSE140393,GSM4160579
BrainMet_SeuratV5,GSE140393,GSM4160580
BrainMet_SeuratV5,GSE140393,GSM4160581
